"","period_num","mean_min_psi_transf_slice","mean_max_psi_transf_slice","mean_min_psi_raw_slice","mean_max_psi_raw_slice","mean_min_tempc_slice","mean_max_tempc_slice","mean_min_vpd_hpa","mean_max_vpd_hpa","species"
"1",1,-6.92652139377511,0,-1356.03859266359,0,-19.0683003952569,11.0600790513834,0.0640197628458498,7.50782213438735,"Andropogon gerardii"
"2",2,-6.60678293967958,-0.143773993765191,-758.30638924165,-0.175116674553038,-16.6287878787879,15.0393939393939,0.0799242424242424,11.6437878787879,"Andropogon gerardii"
"3",3,-7.04687460834792,-0.706281774667869,-1158.93302157716,-1.10558876481289,-6.09242424242424,23.3772727272727,0.100757575757576,20.8318939393939,"Andropogon gerardii"
"4",4,-7.83260303116471,-1.177929817359,-2592.05660636263,-2.44080789204031,2.93560606060606,28.8075757575758,0.0548484848484848,24.9001515151515,"Andropogon gerardii"
"5",5,-8.34897503768159,-1.28201387908425,-4410.6781888195,-2.70208819175743,9.96742424242424,32.7409090909091,0.0675,29.8980303030303,"Andropogon gerardii"
"6",6,-8.05360590214724,-1.66180426084558,-3223.32500420271,-4.40094223206,10.1984848484848,32.3515151515152,0.0521212121212121,28.1713636363636,"Andropogon gerardii"
"7",7,-8.73969807571704,-1.4214999950731,-70466.0345860618,-3.43700466829062,3.48333333333333,28.075,0.0404545454545455,21.9112878787879,"Andropogon gerardii"
"8",8,-6.79386702035229,-0.0774763722434164,-1016.78280539101,-0.0860257279900287,-4.66439393939394,20.3090909090909,0.0634848484848485,14.6420454545455,"Andropogon gerardii"
"9",9,-6.65474088302151,0,-918.417809195808,0,-12.8890909090909,13.5645454545455,0.0471818181818182,8.46881818181818,"Andropogon gerardii"
"10",1,-6.94557417850729,-0.000536415809259125,-1267.66369588675,-0.000537135807613787,-12.8697792207792,10.5759683794466,0.0527312252964427,7.51233596837945,"Andropogon virginicus"
"11",2,-7.25252793094594,-0.410122391412332,-2271.67445196445,-0.589445016318798,-10.5889393939394,14.8810606060606,0.0785606060606061,12.0459848484848,"Andropogon virginicus"
"12",3,-9.23416993110908,-1.21274638500242,-21544.777733548,-2.56093610368586,-2.9175,23.5598484848485,0.0904545454545455,22.1884848484848,"Andropogon virginicus"
"13",4,-8.14524801232072,-1.84524888977686,-3626.82630696715,-5.47083026426978,4.89484848484848,28.4280303030303,0.0483333333333333,25.7772727272727,"Andropogon virginicus"
"14",5,-8.7708339287549,-2.79547566243778,-6666.63968937483,-17.7751905214442,10.9666666666667,32.0204545454545,0.0452272727272727,29.3824242424242,"Andropogon virginicus"
"15",6,-8.46909245095975,-3.08224683936636,-5058.55478449402,-21.4070156189623,11.7701515151515,31.7219696969697,0.0378787878787879,28.7249242424242,"Andropogon virginicus"
"16",7,-9.13406574007927,-3.06375557218612,-34225.3659781206,-21.254023052947,5.28242424242424,28.0371212121212,0.0340151515151515,24.1290909090909,"Andropogon virginicus"
"17",8,-8.00870620528412,-2.6491780692961,-4944.46383557344,-16.9704433036983,-3.68181818181818,20.5090909090909,0.0571212121212121,16.0819696969697,"Andropogon virginicus"
"18",9,-8.60802629969219,-0.269180680384645,-6952.88409594724,-0.342105088671477,-8.80727272727273,12.8290909090909,0.044,8.37809090909091,"Andropogon virginicus"
"19",1,-2.31270281606857,0,-15.459257099876,0,-15.2617391304348,10.8851778656126,0.0256679841897233,7.01986561264822,"Asclepias incarnata"
"20",2,-2.85259527276737,-0.030102655004348,-20.106908606428,-0.0315474774308916,-13.0280303030303,14.5689393939394,0.0362121212121212,10.7015151515152,"Asclepias incarnata"
"21",3,-4.5557468076809,-0.0740742833174455,-109.637731991016,-0.0802479069100355,-4.97954545454545,22.6901515151515,0.0475757575757576,19.8412121212121,"Asclepias incarnata"
"22",4,-5.47432090433004,-0.152574910389787,-242.347124749748,-0.169043934503074,3.00681818181818,28.3515151515152,0.0300757575757576,24.8718181818182,"Asclepias incarnata"
"23",5,-6.60594534936564,-0.280455141796187,-774.056606788829,-0.332263410528547,8.71893939393939,32.8022727272727,0.0416666666666667,30.374696969697,"Asclepias incarnata"
"24",6,-7.05356932793097,-1.30859960322515,-1203.08684294336,-4.05509294173268,9.20151515151515,32.5818181818182,0.0316666666666667,29.2259848484848,"Asclepias incarnata"
"25",7,-7.22540065148272,-1.50751331816289,-1405.27241980315,-4.87969492515556,3.38030303030303,28.5795454545455,0.0328787878787879,22.2676515151515,"Asclepias incarnata"
"26",8,-6.66714878376903,-0.0675466218368277,-834.760966406974,-0.0744730096586596,-5.34924242424242,20.5060606060606,0.0440151515151515,14.2008333333333,"Asclepias incarnata"
"27",9,-4.83983730227754,0,-129.355612593329,0,-11.1272727272727,14.22,0.0219090909090909,8.12427272727273,"Asclepias incarnata"
"28",1,-5.29870935901278,0,-199.082657860566,0,-13.7840316205534,9.65343873517786,0.0581818181818182,6.97181027667984,"Asclepias purpurascens"
"29",2,-5.33784279295639,-0.0236320465753749,-207.098062918215,-0.024604011938037,-11.5022727272727,13.7242424242424,0.0809848484848485,10.6226515151515,"Asclepias purpurascens"
"30",3,-5.61282087887559,-0.208702243089832,-278.783386117682,-0.234955831650208,-3.39848484848485,22.019696969697,0.103787878787879,19.4754545454545,"Asclepias purpurascens"
"31",4,-6.43035244475646,-0.123098874264903,-627.716599563609,-0.133868097259794,4.30984848484848,27.7651515151515,0.0612121212121212,23.5113636363636,"Asclepias purpurascens"
"32",5,-7.21892131378805,-0.191181068607931,-1507.48252225454,-0.214401113907625,10.4477272727273,32.0257575757576,0.0767424242424243,27.9106060606061,"Asclepias purpurascens"
"33",6,-7.09534028830862,-0.0919373353544988,-1221.48477477009,-0.0977115583912924,11.1924242424242,31.7469696969697,0.0581060606060606,26.9675757575758,"Asclepias purpurascens"
"34",7,-6.31145917999349,-0.0933302119230816,-598.451338198347,-0.103343886419396,4.91287878787879,27.7590909090909,0.0368181818181818,21.1263636363636,"Asclepias purpurascens"
"35",8,-5.30780734562334,-6.37897142515122e-13,-200.915880388079,-6.37897142515461e-13,-4.13787878787879,19.6454545454545,0.0615151515151515,14.5398484848485,"Asclepias purpurascens"
"36",9,-5.2910208513079,0,-197.546190886758,0,-9.84,12.69,0.0508181818181818,8.00872727272727,"Asclepias purpurascens"
"37",1,-5.93988284790691,0,-386.818281410892,0,-15.7566007905138,11.0600790513834,0.019699604743083,7.50782213438735,"Asclepias syriaca"
"38",2,-6.12576289735391,-0.17793369036312,-458.201126322003,-0.20967828577709,-13.7666666666667,15.0393939393939,0.0231818181818182,11.6437878787879,"Asclepias syriaca"
"39",3,-6.68731767521883,-0.923654295614571,-842.991812864671,-1.7612539851464,-5.64772727272727,23.3772727272727,0.0440151515151515,20.8318939393939,"Asclepias syriaca"
"40",4,-7.23928300604108,-1.21638421614313,-1440.66715237337,-2.44172118735421,2.14393939393939,28.8075757575758,0.0243939393939394,24.8646212121212,"Asclepias syriaca"
"41",5,-7.96873151689806,-1.59197397013951,-3093.0682629069,-3.95722155329006,8.05909090909091,32.7409090909091,0.0296969696969697,29.8980303030303,"Asclepias syriaca"
"42",6,-8.37825252674919,-1.72173497120927,-4454.53340144461,-4.70858387895108,8.73030303030303,32.3515151515152,0.031969696969697,28.1713636363636,"Asclepias syriaca"
"43",7,-7.82923909600933,-2.00221883636568,-2843.3753292053,-7.12928364048241,3.15,27.9886363636364,0.0274242424242424,21.4837121212121,"Asclepias syriaca"
"44",8,-6.34530906250655,-0.212630642583022,-609.192587197429,-0.288674623691567,-5.64015151515152,20.3090909090909,0.0395454545454546,14.3588636363636,"Asclepias syriaca"
"45",9,-5.9885028487945,0,-494.251468593224,0,-11.5254545454545,13.5645454545455,0.0191818181818182,8.46881818181818,"Asclepias syriaca"
"46",1,-7.9370375775835,-1.49195689146247,-3424.61589935811,-3.55676904171115,-19.6713833992095,16.3632806324111,0.060395256916996,11.9368695652174,"Asclepias tuberosa"
"47",2,-8.18075556318226,-1.96381844717439,-6209.97265128152,-7.38656825391815,-17.2848484848485,20.1916666666667,0.0872727272727273,16.9658333333333,"Asclepias tuberosa"
"48",3,-8.86219586342112,-2.19578134312003,-7777.38349150733,-8.8133057997579,-6.11742424242424,26.3977272727273,0.108863636363636,24.9287878787879,"Asclepias tuberosa"
"49",4,-9.96293885330554,-1.89172215325845,-35987.2060470293,-5.78440005697369,2.93560606060606,30.3287878787879,0.0373484848484848,27.1432575757576,"Asclepias tuberosa"
"50",5,-9.98593439547366,-1.70394708502539,-23354.5595700085,-4.56613767572878,9.96590909090909,33.830303030303,0.0231060606060606,32.0482575757576,"Asclepias tuberosa"
"51",6,-11.3169771245644,-2.72158180996709,-204012.499596414,-15.621068006712,10.1628787878788,33.5128787878788,0.019469696969697,30.5293939393939,"Asclepias tuberosa"
"52",7,-9.16358015588164,-2.88464741181317,-10005.688336309,-17.2722855785561,3.38030303030303,29.9810606060606,0.0171969696969697,24.775303030303,"Asclepias tuberosa"
"53",8,-8.41646555311142,-1.79906340731946,-5018.82738437433,-6.33140683984009,-5.24772727272727,23.5431818181818,0.0500757575757576,18.1967424242424,"Asclepias tuberosa"
"54",9,-7.33790991672223,-0.932381935289362,-1612.23609749092,-1.75412861941566,-14.3572727272727,18.0790909090909,0.0599090909090909,12.7343636363636,"Asclepias tuberosa"
"55",1,-7.75160306302901,-2.92470572976085,-2569.82321484987,-19.7301291300957,-13.7861264822134,11.4614229249012,0.101430830039526,7.17335968379447,"Bouteloua curtipendula"
"56",2,-9.04315205776749,-3.61007964147039,-9973.80319281862,-36.4625033399686,-11.4734848484848,15.8257575757576,0.133560606060606,11.8468181818182,"Bouteloua curtipendula"
"57",3,-9.98252922843486,-3.2568896104029,-22345.0876005054,-27.6759377597816,-3.19924242424242,23.8030303030303,0.179318181818182,20.5068181818182,"Bouteloua curtipendula"
"58",4,-9.9383022144132,-3.27678699030267,-23537.5063002234,-28.1092298157733,4.33409090909091,28.1962121212121,0.149242424242424,23.3309090909091,"Bouteloua curtipendula"
"59",5,-10.6123065763764,-3.42021849555981,-41377.8952447967,-32.5077564316544,11.2469696969697,31.9325757575758,0.154621212121212,27.6205303030303,"Bouteloua curtipendula"
"60",6,-10.8499797124401,-3.61943947236513,-52418.9856232792,-37.3806693179782,11.7863636363636,31.8386363636364,0.12280303030303,26.6633333333333,"Bouteloua curtipendula"
"61",7,-10.2425088109709,-3.94866560519085,-29221.8175043402,-52.2314851576887,5.275,28.5878787878788,0.0985606060606061,23.3209090909091,"Bouteloua curtipendula"
"62",8,-9.20126939269546,-3.35501922743045,-10768.4919984281,-30.4555705282191,-3.18106060606061,20.9598484848485,0.144393939393939,15.1899242424242,"Bouteloua curtipendula"
"63",9,-7.57644243989607,-2.23895303618591,-2029.5295005996,-9.26172745483738,-9.37181818181818,13.98,0.104363636363636,8.40390909090909,"Bouteloua curtipendula"
"64",1,-6.29069599628526,-1.11471142660834,-543.905952065255,-2.19928158389333,-16.9015415019763,12.8861660079051,0.0472490118577075,8.93939130434783,"Carex pensylvanica"
"65",2,-6.36535005611741,-1.39619434389139,-581.105546519041,-3.83515040306396,-15.1287878787879,16.9477272727273,0.0411363636363636,13.7065909090909,"Carex pensylvanica"
"66",3,-6.91836294667298,-1.09043380794425,-1112.28788817204,-2.19660953395105,-6.48712121212121,24.8856060606061,0.0634090909090909,23.6548484848485,"Carex pensylvanica"
"67",4,-6.65961567597192,-1.12267757842285,-786.177899401976,-2.3871427315498,1.93030303030303,29.044696969697,0.045530303030303,25.5237878787879,"Carex pensylvanica"
"68",5,-6.88321843626933,-1.10810413482556,-978.841658695504,-2.07415770815921,8.80984848484848,32.8219696969697,0.0254545454545455,29.8757575757576,"Carex pensylvanica"
"69",6,-6.77222512940426,-1.14679294379781,-874.855534105408,-2.58322503427276,9.54545454545454,32.4651515151515,0.0228030303030303,27.9540151515152,"Carex pensylvanica"
"70",7,-6.60298228464152,-1.83772859406238,-743.355456700998,-6.0209618961718,3.375,28.8015151515152,0.0177272727272727,23.7881818181818,"Carex pensylvanica"
"71",8,-6.47358597290382,-1.21350055555399,-649.162910890588,-2.66175203607432,-4.94090909090909,21.7977272727273,0.0654545454545455,17.1467424242424,"Carex pensylvanica"
"72",9,-6.32809348451351,-0.805123418941964,-559.20022357391,-1.30396025874002,-11.3772727272727,15.1736363636364,0.0479090909090909,10.3307272727273,"Carex pensylvanica"
"73",1,-6.00649924279938,-2.5719167723542,-407.547850006256,-12.2008888699785,-18.9817391304348,15.0700790513834,0.0816561264822134,10.5964901185771,"Danthonia spicata"
"74",2,-6.31278519219518,-2.50202534777761,-575.040174260373,-11.6914992625341,-16.7962121212121,18.9454545454545,0.0941666666666667,15.1360606060606,"Danthonia spicata"
"75",3,-8.20747735414361,-2.12109714247975,-5490.78336630936,-7.72037418998516,-6.14015151515152,25.2992424242424,0.138106060606061,23.7405303030303,"Danthonia spicata"
"76",4,-9.26053082325335,-2.31031288068216,-19447.7002155043,-9.8493337389166,2.16515151515152,29.3318181818182,0.0612878787878788,26.4797727272727,"Danthonia spicata"
"77",5,-11.8957162780807,-2.57674421916935,-190198.942268623,-12.3080179526961,9.13484848484848,32.8492424242424,0.0743181818181818,30.5828787878788,"Danthonia spicata"
"78",6,-11.1711734664045,-2.31642626860334,-116907.847918409,-9.54710893180581,10.525,32.6015151515152,0.0652272727272727,29.2259848484848,"Danthonia spicata"
"79",7,-8.61881377961517,-2.65893057397362,-12725.2257454424,-13.6924476059585,4.8969696969697,29.2151515151515,0.0445984848484848,24.4818939393939,"Danthonia spicata"
"80",8,-6.94690658215857,-2.52494992084075,-1088.31989505855,-12.0979989015393,-3.46204545454545,23.0659090909091,0.0877272727272727,18.5595454545455,"Danthonia spicata"
"81",9,-6.09123825998929,-1.84703489580228,-444.03422192859,-5.62247099264021,-11.9572727272727,16.6909090909091,0.0656363636363636,11.6931818181818,"Danthonia spicata"
"82",1,-8.8018600791097,-2.05566302544415,-174942.800182095,-6.86088225695681,-15.3715019762846,10.3809486166008,0.087897233201581,7.35215415019763,"Eragrostis spectabilis"
"83",2,-8.24395238150209,-2.36338419263106,-6935.76601920874,-9.87143136659538,-13.8772727272727,14.8810606060606,0.106666666666667,12.0459848484848,"Eragrostis spectabilis"
"84",3,-9.09398819746482,-2.30093492405668,-12453.8749449538,-9.51301111515239,-5.39621212121212,23.5598484848485,0.129545454545455,22.1884848484848,"Eragrostis spectabilis"
"85",4,-8.15201384248534,-1.91634327942776,-4264.94741830028,-5.95848445223739,2.75,28.4659090909091,0.0788636363636364,25.7772727272727,"Eragrostis spectabilis"
"86",5,-8.77424221015467,-3.0825964318983,-8802.15942907178,-34.4173815051045,9.20075757575758,32.3886363636364,0.0465151515151515,29.6204545454545,"Eragrostis spectabilis"
"87",6,-7.97471531857378,-4.02017504076949,-2979.57960913684,-59.8635327730723,10.0318181818182,32.0560606060606,0.0435606060606061,28.7249242424242,"Eragrostis spectabilis"
"88",7,-8.54256261984925,-3.70412261564561,-5474.75493378464,-44.5127103127781,4.08560606060606,28.2166666666667,0.0304545454545455,24.1290909090909,"Eragrostis spectabilis"
"89",8,-9.28822784982053,-2.67286328310904,-16132.6760480424,-14.4421258094979,-4.12121212121212,20.5234848484848,0.0831818181818182,16.0794696969697,"Eragrostis spectabilis"
"90",9,-8.49077017415405,-1.61712910562391,-7983.72025977313,-4.38514657118505,-9.97818181818182,13.2645454545455,0.0822727272727273,8.21718181818182,"Eragrostis spectabilis"
"91",1,-10.7100002990335,-2.51123361867631,-45968.7280988934,-12.7565801747887,-14.1508300395257,10.6581422924901,0.0222845849802372,7.56963636363636,"Eurybia divaricata"
"92",2,-10.8539358367741,-2.7484547086444,-52636.8533070407,-16.2780611836816,-12.4401515151515,15.2272727272727,0.0312878787878788,12.4614393939394,"Eurybia divaricata"
"93",3,-10.7683041450904,-2.10332871302861,-48179.4748026433,-8.1690657056032,-3.83333333333333,23.5113636363636,0.100530303030303,21.7725757575758,"Eurybia divaricata"
"94",4,-10.8142344259113,-1.7874141823546,-49820.0565458775,-5.24039415815112,4.45530303030303,28.6090909090909,0.0925,25.8096212121212,"Eurybia divaricata"
"95",5,-11.1043181530603,-2.34034028974131,-97017.1582702177,-10.889688269308,11.0340909090909,32.244696969697,0.0598484848484849,29.6967424242424,"Eurybia divaricata"
"96",6,-10.923316243863,-2.31368387041422,-56838.5701324937,-9.30559081852533,11.7166666666667,31.9522727272727,0.0933333333333333,29.0307575757576,"Eurybia divaricata"
"97",7,-10.9359342268507,-2.79355743940324,-59066.2870403967,-16.5419669181038,5.74015151515152,28.0083333333333,0.0717424242424242,23.2891666666667,"Eurybia divaricata"
"98",8,-10.8359659887828,-2.62816019151573,-50910.1450838393,-13.8348528459811,-3.20530303030303,20.7734848484848,0.075,16.1620454545455,"Eurybia divaricata"
"99",9,-10.7671833956116,-2.13258991700242,-48084.6619573266,-7.69849938779846,-9.47636363636364,12.5145454545455,0.0265454545454545,8.40718181818182,"Eurybia divaricata"
"100",1,-4.60670620605587,0,-101.780128937992,0,-15.038023715415,11.0600790513834,0.0614664031620553,7.50782213438735,"Eutrochium fistulosum"
"101",2,-4.76277435498062,0,-117.04808654388,0,-13.5984848484848,15.0393939393939,0.0836363636363636,11.6437878787879,"Eutrochium fistulosum"
"102",3,-4.61058680647142,-0.00879649955443022,-99.8909678913004,-0.00891381144678875,-4.59015151515151,23.3772727272727,0.103257575757576,20.8795454545455,"Eutrochium fistulosum"
"103",4,-5.19964033541893,-0.00331970914761446,-193.046325577961,-0.00335299116002119,2.89469696969697,28.8075757575758,0.0618939393939394,24.9883333333333,"Eutrochium fistulosum"
"104",5,-6.00508192890701,-0.0183436201065803,-457.262849875925,-0.0190481138728998,9.44015151515152,32.7409090909091,0.0586363636363636,30.0979545454545,"Eutrochium fistulosum"
"105",6,-6.94202217693629,-0.0142235850648445,-1098.42227593628,-0.0146054945072215,10.1037878787879,32.3515151515152,0.0441666666666667,28.1713636363636,"Eutrochium fistulosum"
"106",7,-6.87568363256784,-0.0100198795253922,-1081.7081751211,-0.0101520758992045,4.44090909090909,28.1856060606061,0.050530303030303,22.3731818181818,"Eutrochium fistulosum"
"107",8,-5.48342648939887,0,-246.81489537034,0,-3.58106060606061,20.3090909090909,0.0721212121212121,14.8081060606061,"Eutrochium fistulosum"
"108",9,-5.03653776652354,0,-154.09832986235,0,-9.61727272727273,13.5690909090909,0.0536363636363636,8.46881818181818,"Eutrochium fistulosum"
"109",1,-5.79965467597023,-1.69483869406254,-343.539330727793,-4.64054177615511,-15.8522924901186,13.276442687747,0.0222845849802372,9.62969960474308,"Helianthus decapetalus"
"110",2,-5.97962237692318,-1.94192332725649,-412.379495573959,-6.38489222575143,-13.4484848484848,16.8075757575758,0.0209848484848485,12.9560606060606,"Helianthus decapetalus"
"111",3,-6.2628648883286,-2.0296728519663,-547.40140441865,-7.04833003611261,-5.18106060606061,23.555303030303,0.0727272727272727,20.8667424242424,"Helianthus decapetalus"
"112",4,-6.05229817696973,-1.53145188011656,-434.325526771558,-3.80655188255809,2.43409090909091,28.3318181818182,0.0504545454545455,24.1865151515152,"Helianthus decapetalus"
"113",5,-5.90795817853662,-1.55191374203024,-374.1624431393,-3.99134338018753,8.35227272727273,32.7484848484848,0.0241666666666667,30.1861363636364,"Helianthus decapetalus"
"114",6,-5.88391181274525,-1.77961942003151,-366.556435578234,-5.17327463646055,9.02727272727273,32.3765151515152,0.0565909090909091,28.3608333333333,"Helianthus decapetalus"
"115",7,-6.1298884405143,-2.46433053306207,-471.957163447988,-11.3986731873439,3.01212121212121,28.2363636363636,0.0489393939393939,21.6539393939394,"Helianthus decapetalus"
"116",8,-5.99323157053625,-2.06674884908385,-406.535564610647,-7.37968417073518,-5.7030303030303,20.5416666666667,0.0374242424242424,15.6268939393939,"Helianthus decapetalus"
"117",9,-5.75947448695527,-1.6515725889548,-319.184149179507,-4.50596819239709,-11.5790909090909,15.3318181818182,0.0254545454545455,11.0000909090909,"Helianthus decapetalus"
"118",1,-5.75157538681949,-2.71038530415449,-324.910046128432,-14.2408347990588,-13.1283003952569,11.5463636363636,0.0920395256916996,7.6014743083004,"Kalmia angustifolia"
"119",2,-6.50531519165799,-2.82461910527332,-821.90820496517,-16.4019278992116,-11.1757575757576,15.2151515151515,0.105227272727273,11.3084848484848,"Kalmia angustifolia"
"120",3,-6.76378895795927,-2.63262507864209,-917.25654452941,-13.4125286589967,-3.63787878787879,22.7424242424242,0.145151515151515,19.9049242424242,"Kalmia angustifolia"
"121",4,-5.8784894916135,-2.28108913407947,-360.448761133001,-9.24570744136017,4.47651515151515,28.6166666666667,0.127575757575758,25.4542424242424,"Kalmia angustifolia"
"122",5,-6.30563586662248,-2.35007734332785,-558.149305255182,-9.97770631377074,10.7583333333333,32.8674242424242,0.109621212121212,30.4753787878788,"Kalmia angustifolia"
"123",6,-6.21561475735565,-2.18143334937885,-531.78457017056,-8.21131246440645,11.3015151515152,32.5037878787879,0.108409090909091,28.4418939393939,"Kalmia angustifolia"
"124",7,-5.83647009613908,-2.40073122926709,-346.319234259048,-11.1156412866951,5.28030303030303,28.5689393939394,0.0904545454545455,21.7734848484848,"Kalmia angustifolia"
"125",8,-5.80184046548316,-2.35880060062436,-349.267071676688,-10.2228092746127,-3.12045454545455,20.7818181818182,0.10719696969697,14.4291666666667,"Kalmia angustifolia"
"126",9,-5.83081852832557,-2.1651294206796,-365.774077375591,-8.27187377637662,-9.00727272727273,14.7018181818182,0.0799090909090909,8.59272727272727,"Kalmia angustifolia"
"127",1,-5.2822253420022,-0.0102176880421384,-199.858466907135,-0.0104662634686743,-13.8440316205534,11.4614229249012,0.0585098814229249,7.17335968379447,"Liatris spicata"
"128",2,-6.6268820041043,-0.296806715038318,-978.290983418247,-0.431143279256758,-12.2287878787879,15.8257575757576,0.0947727272727273,11.8468181818182,"Liatris spicata"
"129",3,-8.64482579124494,-1.42730312352472,-5873.46918343252,-3.53848120196731,-3.4,23.8030303030303,0.113636363636364,20.8784848484848,"Liatris spicata"
"130",4,-9.09227226640225,-1.84895450749985,-10329.7526485379,-5.58064652400393,3.98863636363636,28.175,0.0643181818181818,23.6119696969697,"Liatris spicata"
"131",5,-9.72462338885965,-2.59495395208342,-17352.0667118505,-14.7089549829211,10.4742424242424,31.8348484848485,0.0625757575757576,26.9965151515152,"Liatris spicata"
"132",6,-9.79430574566616,-3.07937258640025,-18664.1857803054,-21.8572314189047,11.1287878787879,31.75,0.0503787878787879,26.4095454545455,"Liatris spicata"
"133",7,-9.07942568402398,-2.77820527054808,-10709.5951226878,-17.7044182093417,5.46439393939394,28.5878787878788,0.0368181818181818,23.3209090909091,"Liatris spicata"
"134",8,-6.62918661134256,-0.673027196126447,-994.088321482526,-1.02845103124502,-2.89848484848485,20.9598484848485,0.0639393939393939,15.1899242424242,"Liatris spicata"
"135",9,-5.33863948599616,-0.0329165876830652,-209.477614813661,-0.0357802683412248,-8.63272727272727,13.98,0.0551818181818182,8.40390909090909,"Liatris spicata"
"136",1,-4.42557315234068,0,-86.4135345223276,0,-16.4730039525692,11.0600790513834,0.0203833992094862,7.50782213438735,"Lilium superbum"
"137",2,-4.33039728704071,0,-76.4372089157984,0,-13.9515151515152,15.0393939393939,0.0242424242424242,11.6437878787879,"Lilium superbum"
"138",3,-4.300839830157,-0.00179170855936977,-72.8313014865864,-0.00179653855356069,-5.28636363636364,23.3772727272727,0.066969696969697,20.8318939393939,"Lilium superbum"
"139",4,-4.34779956543271,0,-77.0593235158386,0,2.78636363636364,28.8075757575758,0.0367424242424242,24.8646212121212,"Lilium superbum"
"140",5,-4.44396725726701,-0.00223379256186833,-87.9247446888826,-0.00224882915164452,8.52424242424242,32.7409090909091,0.0270454545454545,29.8980303030303,"Lilium superbum"
"141",6,-5.14053184980851,-0.00234497511160298,-172.045280357202,-0.00235349829681749,9.48787878787879,32.3515151515152,0.0262121212121212,28.1713636363636,"Lilium superbum"
"142",7,-4.45035723288085,-0.00121380231416533,-86.2708021589947,-0.00121823301179003,3.27954545454545,27.9886363636364,0.0373484848484848,21.6530303030303,"Lilium superbum"
"143",8,-4.31318558921972,0,-73.9072594857695,0,-6.78257575757576,20.3090909090909,0.0367424242424242,14.9618181818182,"Lilium superbum"
"144",9,-4.24469901136893,0,-68.9433406386917,0,-11.63,13.5645454545455,0.0201818181818182,8.46881818181818,"Lilium superbum"
"145",1,-6.31538445295092,0,-1086.61608006234,0,-14.43,12.8849802371541,0.0533596837944664,9.2195652173913,"Lindera benzoin"
"146",2,-6.03804774182028,-8.91879163115304e-14,-691.162245624231,-8.91879163115542e-14,-12.1037878787879,16.9151515151515,0.0712121212121212,13.5056818181818,"Lindera benzoin"
"147",3,-5.88916609719575,-0.0211868399081873,-395.874812154225,-0.0218748219694546,-3.72954545454545,23.8075757575758,0.0938636363636364,21.5042424242424,"Lindera benzoin"
"148",4,-5.40668626550385,-0.00477555338879465,-223.488933162065,-0.00484462929229153,3.86363636363636,28.1469696969697,0.0490151515151515,24.8254545454545,"Lindera benzoin"
"149",5,-7.58425247178288,-0.0106277911824177,-2520.8095874153,-0.0109739597685193,9.88484848484848,31.9886363636364,0.0395454545454545,28.4314393939394,"Lindera benzoin"
"150",6,-7.76828446533936,-0.025694046136315,-5650.26422759935,-0.0263662811152036,10.6371212121212,31.6151515151515,0.0303787878787879,27.2807575757576,"Lindera benzoin"
"151",7,-5.66610230505223,-0.0279186416551956,-328.084541484089,-0.0297465803392163,4.41363636363636,27.819696969697,0.0315151515151515,22.3704545454545,"Lindera benzoin"
"152",8,-5.19291876175188,0,-179.201501618784,0,-4.5780303030303,21.15,0.0556060606060606,16.3869696969697,"Lindera benzoin"
"153",9,-5.38084245282941,0,-217.054691297665,0,-10.2936363636364,15.1354545454545,0.047,10.5360909090909,"Lindera benzoin"
"154",1,-4.26445869333575,0,-70.1352969230657,0,-13.6830830039526,10.2737154150198,0.0803754940711462,7.09014229249012,"Mertensia virginica"
"155",2,-3.62778681965123,-0.000252346196337885,-47.0285204993995,-0.000252537328597128,-11.3515151515152,14.2575757575758,0.105606060606061,10.9051515151515,"Mertensia virginica"
"156",3,-2.24326315096252,-0.0183572915144588,-31.4285328849196,-0.0187116876472542,-3.29166666666667,22.5863636363636,0.162575757575758,19.9595454545455,"Mertensia virginica"
"157",4,-4.61621004802708,0,-103.251984062469,0,4.43333333333333,28.5007575757576,0.146287878787879,24.9567424242424,"Mertensia virginica"
"158",5,-4.33385987481452,-0.00331312709833223,-75.3960526118349,-0.00334627682600371,10.6128787878788,32.8409090909091,0.124166666666667,30.4353787878788,"Mertensia virginica"
"159",6,-4.28402673595054,-0.00236155396098163,-71.6454621151372,-0.00237836407445624,11.3666666666667,32.6234848484848,0.138409090909091,29.3515151515152,"Mertensia virginica"
"160",7,-4.33531961530843,0,-75.3681337186044,0,5.0780303030303,28.5810606060606,0.0840151515151515,22.7736363636364,"Mertensia virginica"
"161",8,-4.28817536757403,0,-71.8426031734404,0,-4.04015151515152,20.3348484848485,0.0902272727272727,14.8361363636364,"Mertensia virginica"
"162",9,-4.23253977832249,0,-67.9317255448,0,-9.70090909090909,13.6027272727273,0.0806363636363636,8.25518181818182,"Mertensia virginica"
"163",1,-6.64209848906895,-2.22959941617358,-917.032101476561,-8.67112365404355,-18.9817391304348,13.5726877470356,0.0608379446640316,9.88795256916996,"Monarda fistulosa"
"164",2,-6.43864132399337,-2.48907638614404,-638.276012446544,-12.432353473269,-16.244696969697,17.0174242424242,0.0849242424242424,13.655,"Monarda fistulosa"
"165",3,-6.96852577253209,-2.50597264557393,-1172.04268544398,-11.9839103182491,-5.15833333333333,24.2181818181818,0.108636363636364,23.2304545454545,"Monarda fistulosa"
"166",4,-7.36581790871669,-2.60522094073925,-1730.19044578306,-13.732458919534,3.09545454545455,28.3583333333333,0.0683333333333333,25.9256818181818,"Monarda fistulosa"
"167",5,-8.73012609574936,-2.28469236958711,-10650.754965423,-9.66939426368909,9.84166666666667,31.3962121212121,0.0363636363636364,27.8356818181818,"Monarda fistulosa"
"168",6,-8.74862507283075,-2.53276722270181,-8235.99926245916,-11.9128704560465,10.6,31.1371212121212,0.0237878787878788,26.5772727272727,"Monarda fistulosa"
"169",7,-7.85927604202644,-2.73599755100228,-2943.78690820107,-14.5661480106747,4.44924242424242,27.6962121212121,0.0281060606060606,21.8791666666667,"Monarda fistulosa"
"170",8,-6.87746795856693,-2.38686193972878,-987.080583000507,-10.6177159796302,-3.92272727272727,20.9242424242424,0.0624242424242424,16.5869696969697,"Monarda fistulosa"
"171",9,-6.7348377125589,-1.85802416694963,-1009.76443529567,-5.84971327533659,-11.9572727272727,15.3318181818182,0.0610909090909091,11.0000909090909,"Monarda fistulosa"
"172",1,-5.96940710660863,-2.89145588055415,-588.18371997584,-17.8873105354492,-10.4252964426877,9.0900395256917,0.199584980237154,5.88277075098814,"Morella pensylvanica"
"173",2,-5.17715739952215,-3.00238654514066,-188.85235267627,-19.8429101568446,-10.2159090909091,11.644696969697,0.176666666666667,8.25469696969697,"Morella pensylvanica"
"174",3,-7.732965705583,-3.23548849482123,-4007.89830703529,-25.3219199171866,-1.95757575757576,17.580303030303,0.233863636363636,13.6201515151515,"Morella pensylvanica"
"175",4,-8.58648152973236,-3.05109372090599,-6273.65249302127,-20.352309937119,6.30075757575758,23.8356060606061,0.313863636363636,17.6206818181818,"Morella pensylvanica"
"176",5,-11.121039320393,-3.39624633296441,-84145.5936051112,-30.6503804699515,14.5287878787879,29.1530303030303,0.586969696969697,22.1134090909091,"Morella pensylvanica"
"177",6,-10.5465468066904,-3.24120156489994,-39010.0758736333,-25.4463251195282,15.6780303030303,29.5318181818182,0.821287878787879,21.7426515151515,"Morella pensylvanica"
"178",7,-7.87763729623949,-3.20323612880853,-4997.42235301765,-25.1022946611335,10.0560606060606,25.6409090909091,0.592727272727273,16.8404545454545,"Morella pensylvanica"
"179",8,-5.56804349225354,-2.9242032298358,-276.455885456065,-17.9061429664311,1.48484848484848,18.3401515151515,0.388863636363636,11.2545454545455,"Morella pensylvanica"
"180",9,-4.94426505326254,-2.3680088955462,-151.344293121522,-10.7614673290469,-4.92909090909091,12.5763636363636,0.204636363636364,6.92009090909091,"Morella pensylvanica"
"181",1,-4.60270515405334,-2.93595034157392,-98.9757184606186,-18.0581344495486,-13.8440316205534,9.90280632411067,0.109596837944664,6.58290909090909,"Muhlenbergia schreberi"
"182",2,-4.76571931419873,-3.02964821595364,-118.326890199823,-20.2331114853333,-12.2287878787879,13.7068181818182,0.129772727272727,10.1525,"Muhlenbergia schreberi"
"183",3,-5.24937423437157,-2.95162684940166,-192.258870612343,-19.1940074242355,-3.4,21.8954545454545,0.191590909090909,19.0544696969697,"Muhlenbergia schreberi"
"184",4,-5.61731573577462,-2.74057542722902,-278.264479126376,-14.9704314278714,3.98863636363636,27.8621212121212,0.130681818181818,23.8190151515152,"Muhlenbergia schreberi"
"185",5,-6.61400738966983,-2.66288570942259,-803.230891819976,-14.1959586375532,10.4742424242424,32.2659090909091,0.0711363636363636,28.6574242424242,"Muhlenbergia schreberi"
"186",6,-6.54467068699109,-2.61043580825285,-706.092937643935,-13.7073035626095,11.1287878787879,32.044696969697,0.053030303030303,27.6043939393939,"Muhlenbergia schreberi"
"187",7,-5.98679945801338,-3.05037428847759,-423.50930653195,-20.7530221408153,5.46439393939394,28.0840909090909,0.0752272727272727,21.6684090909091,"Muhlenbergia schreberi"
"188",8,-5.34092022907081,-2.75323714395159,-228.46575421109,-15.5424505723882,-2.8469696969697,19.9083333333333,0.137727272727273,13.9226515151515,"Muhlenbergia schreberi"
"189",9,-5.2291678892313,-2.35736790141931,-214.969008904559,-10.0230795133897,-8.58272727272727,13.4990909090909,0.116545454545455,7.666,"Muhlenbergia schreberi"
"190",1,-4.54712889042241,0,-93.3956967382265,0,-15.6607114624506,6.00592885375494,0.048201581027668,5.17703557312253,"Picea rubens"
"191",2,-4.53492997400729,-0.0171021063121558,-92.2897292498003,-0.0180103507732436,-13.3689393939394,9.45075757575758,0.0621212121212121,7.16621212121212,"Picea rubens"
"192",3,-4.16305480826491,-0.0174000305998024,-76.6792375490196,-0.0178662344098775,-5.18787878787879,17.9340909090909,0.10530303030303,14.6643939393939,"Picea rubens"
"193",4,-4.45168552744039,-0.0037374196348882,-84.8092147891879,-0.00377963954791316,3.24242424242424,24.5780303030303,0.111742424242424,19.5352272727273,"Picea rubens"
"194",5,-4.44779920514662,-0.00619021922028221,-84.6021243890641,-0.00630661218717983,9.37878787878788,28.3371212121212,0.127045454545455,21.6484090909091,"Picea rubens"
"195",6,-4.43081041250477,-0.0166704652219954,-83.1494688962468,-0.0171667879760056,10.15,27.9484848484848,0.151060606060606,20.7384090909091,"Picea rubens"
"196",7,-4.5299608069142,-0.00938301784810996,-91.8366662232628,-0.00957348603919446,4.0030303030303,24.0462121212121,0.0846969696969697,16.1812121212121,"Picea rubens"
"197",8,-4.54692230738858,0,-93.4100019035855,0,-5.78939393939394,16.3530303030303,0.128333333333333,11.2009090909091,"Picea rubens"
"198",9,-4.47906121981524,0,-87.1873417592125,0,-11.3263636363636,8.67090909090909,0.0456363636363636,6.08181818181818,"Picea rubens"
"199",1,-5.24755900742471,-1.40136952347566,-189.367503695876,-3.10295336314865,-12.4111067193676,11.3182213438735,0.107114624505929,7.55238339920949,"Polystichum acrostichoides"
"200",2,-5.22308594518378,-1.72509815930261,-184.740661052978,-5.14479781383457,-10.3242424242424,15.2128787878788,0.146666666666667,11.6807575757576,"Polystichum acrostichoides"
"201",3,-5.38697724242592,-1.5377056120115,-223.912490322566,-3.73366386738893,-2.2780303030303,23.3840909090909,0.188939393939394,20.8318939393939,"Polystichum acrostichoides"
"202",4,-5.27954544595247,-1.06937005965712,-195.792430328667,-2.03145633899843,5.34166666666667,28.8212121212121,0.182424242424242,24.8646212121212,"Polystichum acrostichoides"
"203",5,-5.2856657296228,-1.18298976565792,-196.738359321725,-2.29629745720133,12.1689393939394,32.7863636363636,0.189772727272727,29.8980303030303,"Polystichum acrostichoides"
"204",6,-5.35199506016555,-1.17971815420881,-211.391445699871,-2.56564959924259,12.7128787878788,32.480303030303,0.165075757575758,28.1813636363636,"Polystichum acrostichoides"
"205",7,-5.37260656582392,-1.60244651920733,-214.59703603955,-4.05115323500033,6.22045454545455,28.269696969697,0.108787878787879,21.4381818181818,"Polystichum acrostichoides"
"206",8,-5.26076231091468,-1.65929724035933,-191.944563934756,-4.85250394556388,-2.43939393939394,20.525,0.120378787878788,14.4078787878788,"Polystichum acrostichoides"
"207",9,-5.25697887504632,-0.9964948046371,-191.777267875664,-1.78802886427966,-7.89181818181818,13.9363636363636,0.109090909090909,8.52727272727273,"Polystichum acrostichoides"
"208",1,-5.37183510732717,-1.8778319994314,-216.10558874562,-5.74978589294418,-13.7861264822134,16.3416600790514,0.0573241106719368,11.9102648221344,"Pycnanthemum tenuifolium"
"209",2,-6.47337469904195,-2.34291476246874,-745.233681330626,-10.4030018742735,-11.5583333333333,20.1219696969697,0.0745454545454545,16.8025,"Pycnanthemum tenuifolium"
"210",3,-7.8051343576967,-2.82919037994012,-2746.44355289841,-16.5418402619977,-3.47651515151515,26.2636363636364,0.0747727272727273,24.6697727272727,"Pycnanthemum tenuifolium"
"211",4,-8.58112444079416,-2.88263357013116,-5404.80731048743,-17.8695905849621,4.3030303030303,30.2219696969697,0.0303787878787879,26.9885606060606,"Pycnanthemum tenuifolium"
"212",5,-9.11889361153774,-3.00980634607848,-9305.62773899793,-20.1154121602622,10.9886363636364,33.7401515151515,0.0265909090909091,31.9945454545455,"Pycnanthemum tenuifolium"
"213",6,-8.85274626602149,-2.98748475194147,-7173.80451395569,-19.5397693785011,11.6787878787879,33.4363636363636,0.0347727272727273,30.3324242424242,"Pycnanthemum tenuifolium"
"214",7,-8.20071328347617,-3.12922772154749,-3941.56693019891,-22.3316901473597,5.19090909090909,29.8659090909091,0.0247727272727273,24.4623484848485,"Pycnanthemum tenuifolium"
"215",8,-6.58244014542597,-2.36436702627451,-753.275475184023,-10.4780741519567,-3.2530303030303,23.4204545454545,0.0484090909090909,18.2168939393939,"Pycnanthemum tenuifolium"
"216",9,-5.64090368442408,-1.32571673713562,-387.720969090779,-3.15301790055167,-9.37181818181818,17.9172727272727,0.0378181818181818,12.4201818181818,"Pycnanthemum tenuifolium"
"217",1,-5.96997169974322,-2.4463996854115,-403.492011459629,-10.9280156833647,-14.6705533596838,11.7856916996047,0.0203557312252964,7.63806324110672,"Quercus ilicifolia"
"218",2,-6.09017863979197,-2.55035186381458,-465.485806142564,-12.8578682815085,-12.6469696969697,15.4272727272727,0.0278030303030303,12.1646212121212,"Quercus ilicifolia"
"219",3,-6.85572644344526,-2.21141769357849,-1160.69556536521,-8.87693967196525,-4.98939393939394,23.2583333333333,0.0956818181818182,21.4207575757576,"Quercus ilicifolia"
"220",4,-6.79985979214557,-1.87815839856777,-987.440006008285,-5.72348121553789,3.17045454545455,28.5477272727273,0.0629545454545455,25.2928787878788,"Quercus ilicifolia"
"221",5,-6.77666311518559,-1.86931094567593,-899.949275188845,-6.73363989779729,9.57954545454546,32.6651515151515,0.0423484848484849,29.5564393939394,"Quercus ilicifolia"
"222",6,-6.49770217642904,-2.12465320742944,-701.563762278798,-7.59023683061689,10.194696969697,32.3613636363636,0.0398484848484848,28.6862121212121,"Quercus ilicifolia"
"223",7,-6.51470024990813,-2.49317349391174,-689.145795484874,-11.9992148689789,3.89242424242424,28.6227272727273,0.0274242424242424,23.0152272727273,"Quercus ilicifolia"
"224",8,-6.51946350503539,-2.42216139012464,-784.528240810827,-11.8513407114271,-4.69772727272727,21.0712121212121,0.0525,15.8993181818182,"Quercus ilicifolia"
"225",9,-6.08134485026937,-2.07202982783577,-449.123528015891,-7.01656546357339,-10.0818181818182,14.8190909090909,0.0254545454545455,8.56463636363636,"Quercus ilicifolia"
"226",1,-5.88467483988192,-2.88169809647824,-480.024437811968,-17.744642691134,-7.96699604743083,9.0900395256917,0.2040395256917,5.88277075098814,"Schizachyrium littorale"
"227",2,-5.1153028969464,-3.05339381208102,-174.678929683878,-22.1080893536478,-6.03863636363636,11.4083333333333,0.192651515151515,7.85636363636364,"Schizachyrium littorale"
"228",3,-7.09784276490739,-3.38605710819542,-2378.5230858862,-32.4696190793958,1.13106060606061,17.5454545454545,0.2525,13.519696969697,"Schizachyrium littorale"
"229",4,-8.47526178874107,-3.88872421919794,-6326.37361947212,-57.0644365630654,8.71818181818182,23.8356060606061,0.313863636363636,17.6206818181818,"Schizachyrium littorale"
"230",5,-11.0184486422608,-4.28687287487398,-79784.1060441138,-78.808997050084,16.0166666666667,29.1530303030303,0.586969696969697,22.1134090909091,"Schizachyrium littorale"
"231",6,-10.7671812856821,-4.5867611121655,-50866.1252321641,-106.099315661523,17.0992424242424,29.5318181818182,0.821287878787879,21.7426515151515,"Schizachyrium littorale"
"232",7,-7.84064784862023,-3.90837130626399,-5542.86881275871,-59.1200345408568,10.9878787878788,25.6409090909091,0.592727272727273,16.8404545454545,"Schizachyrium littorale"
"233",8,-5.4969664336897,-2.96559705181164,-263.597963289016,-18.6313593984083,2.23939393939394,18.3401515151515,0.392651515151515,11.1476515151515,"Schizachyrium littorale"
"234",9,-4.988445781098,-2.38617045671722,-155.202599420309,-10.8413603327391,-3.64909090909091,12.5763636363636,0.204636363636364,6.92009090909091,"Schizachyrium littorale"
"235",1,-10.7042257847417,-2.24063307004032,-57901.5755430687,-8.74818632333212,-15.1511462450593,16.3487351778656,0.0281897233201581,11.9027786561265,"Schizachyrium scoparium"
"236",2,-10.8936672083447,-2.43810508135021,-144287.714868883,-11.1643456018583,-12.7128787878788,20.1848484848485,0.0362121212121212,16.9484090909091,"Schizachyrium scoparium"
"237",3,-11.9077243457055,-2.3665596967555,-377202.824299747,-9.94285502875986,-4.66818181818182,26.3977272727273,0.0621212121212121,24.9287878787879,"Schizachyrium scoparium"
"238",4,-11.0753776902442,-2.13161375172534,-188115.367963593,-7.60883910293676,3.40454545454545,30.3287878787879,0.028030303030303,27.0934090909091,"Schizachyrium scoparium"
"239",5,-12.8401663377422,-2.21536049496183,-508701.480911047,-9.42479322220303,9.5030303030303,33.830303030303,0.0235606060606061,31.9515151515152,"Schizachyrium scoparium"
"240",6,-11.2996975430435,-2.71766265789344,-113402.020609356,-15.2317319388905,10.0333333333333,33.5128787878788,0.0206818181818182,30.4993939393939,"Schizachyrium scoparium"
"241",7,-10.5934324857891,-3.2924928154541,-54181.0951927848,-27.5840758207266,3.96590909090909,29.9810606060606,0.0243181818181818,24.9356818181818,"Schizachyrium scoparium"
"242",8,-9.97445171148952,-2.66832310786728,-24740.4497536152,-13.8073603393829,-4.89318181818182,23.5431818181818,0.0360606060606061,18.1967424242424,"Schizachyrium scoparium"
"243",9,-10.3424798942855,-2.06755163076745,-68695.8163498594,-7.00139477762351,-10.7481818181818,18.0790909090909,0.0223636363636364,12.7343636363636,"Schizachyrium scoparium"
"244",1,-4.96510306356851,-5.58797452754118e-13,-142.579015185443,-5.58797452754334e-13,-10.9560079051383,9.47600790513834,0.0688695652173913,6.36037944664032,"Solidago altissima"
"245",2,-5.14413704581874,-0.188349226509772,-172.162455014643,-0.234812888184557,-8.86515151515152,13.2780303030303,0.0799242424242424,9.82212121212121,"Solidago altissima"
"246",3,-5.72681880875813,-0.697841969119541,-328.82504196197,-1.05805448952474,-1.53560606060606,21.7537878787879,0.100378787878788,18.5232575757576,"Solidago altissima"
"247",4,-6.49452101173368,-0.278934973407025,-669.584862258634,-0.331225811905871,5.96515151515151,27.7590909090909,0.054469696969697,23.4367424242424,"Solidago altissima"
"248",5,-7.77033246047086,-2.19731777084271,-3004.49379685044,-8.72082283596022,12.9893939393939,32.0234848484848,0.0653787878787879,27.9877272727273,"Solidago altissima"
"249",6,-7.89218039553499,-2.19542004869621,-2723.717156354,-8.30499957780783,13.5174242424242,31.7545454545455,0.0479545454545455,26.9884848484848,"Solidago altissima"
"250",7,-6.96258833430989,-1.95204261344878,-1248.44283467195,-6.69566019864464,6.61742424242424,27.8136363636364,0.0356060606060606,21.1185606060606,"Solidago altissima"
"251",8,-5.25577830093562,-0.310718866386361,-195.428283657595,-0.385408373924599,-2.06818181818182,19.7015151515152,0.0627272727272727,13.595,"Solidago altissima"
"252",9,-5.01127054886524,-5.67057512057232e-13,-149.2307874864,-5.67057512057545e-13,-7.27,12.9463636363636,0.0500909090909091,7.39636363636364,"Solidago altissima"
"253",1,-4.9396872608602,-2.83323384645292,-138.732613508466,-16.6385997155298,-19.0683003952569,8.84608695652174,0.102027272727273,6.11194466403162,"Solidago rugosa"
"254",2,-5.13146391823794,-3.11281621799204,-173.405172033719,-22.2155224882346,-16.6287878787879,12.9772727272727,0.130984848484848,9.73856060606061,"Solidago rugosa"
"255",3,-5.89661407692763,-2.96874872203717,-370.090058681795,-22.9487024156142,-6.09242424242424,21.6030303030303,0.150378787878788,18.8797727272727,"Solidago rugosa"
"256",4,-6.53418022568335,-2.45796974534858,-691.705509054936,-19.8101065518541,2.93560606060606,27.5606060606061,0.113939393939394,23.4034848484849,"Solidago rugosa"
"257",5,-7.0430807107694,-3.66752590859693,-1222.19553421823,-40.2822500671111,10.0659090909091,31.5878787878788,0.133257575757576,27.135,"Solidago rugosa"
"258",6,-6.69042726852662,-3.76522168136437,-823.77850037397,-50.2200910858775,10.2151515151515,31.2492424242424,0.100909090909091,26.1411363636364,"Solidago rugosa"
"259",7,-6.51023166248236,-3.91244350802869,-746.708451446361,-54.0028550878697,3.48333333333333,27.4318181818182,0.0674545454545455,20.8493181818182,"Solidago rugosa"
"260",8,-5.19022131737611,-3.06458003984869,-181.742937611793,-21.9805415153004,-4.66439393939394,19.480303030303,0.103310606060606,13.6431818181818,"Solidago rugosa"
"261",9,-4.88265127179388,-2.15791764449362,-131.028730039699,-8.31771758255964,-12.8890909090909,12.1427272727273,0.0940909090909091,7.21863636363636,"Solidago rugosa"
"262",1,-5.45278256259922,-1.13391953551596,-232.76360941139,-2.12931801571647,-13.7584980237154,10.8851778656126,0.0775296442687747,7.07777470355731,"Sorghastrum nutans"
"263",2,-5.92330924907113,-1.51656216151154,-380.260288582209,-3.8499750631527,-11.9537878787879,14.655303030303,0.112348484848485,10.9394696969697,"Sorghastrum nutans"
"264",3,-6.98196976796816,-1.43841696950154,-1122.48767357157,-3.36502336329441,-3.57727272727273,22.7348484848485,0.147121212121212,20.1334848484848,"Sorghastrum nutans"
"265",4,-7.63798987266087,-1.73662024345922,-2142.55481880312,-4.96437059635839,4.17348484848485,28.3515151515152,0.112424242424242,24.5945454545455,"Sorghastrum nutans"
"266",5,-9.00859251600423,-2.46822657607195,-9551.41964112827,-12.2682012112229,10.3810606060606,32.8022727272727,0.0975,30.374696969697,"Sorghastrum nutans"
"267",6,-8.04976961813673,-3.07383903175442,-3220.57898842002,-24.7482799718703,10.9787878787879,32.5818181818182,0.0923484848484848,29.2259848484848,"Sorghastrum nutans"
"268",7,-7.37560085221127,-3.55594186724381,-1776.04604062536,-36.6413413184839,4.49545454545455,28.5795454545455,0.0567424242424242,22.2676515151515,"Sorghastrum nutans"
"269",8,-6.25265563995336,-2.5216308954093,-532.969499418267,-12.4276329791927,-3.43560606060606,20.5060606060606,0.0879545454545455,14.6626515151515,"Sorghastrum nutans"
"270",9,-5.79402859626396,-1.25301769862627,-332.502590360711,-2.7212315869728,-9.01181818181818,14.22,0.0718181818181818,8.16563636363636,"Sorghastrum nutans"
"271",1,-4.21208405810328,0,-66.631230367209,0,-16.6318181818182,10.8851778656126,0.0443636363636364,7.03713833992095,"Spiraea tomentosa"
"272",2,-4.43141432884863,-0.0184475973281184,-83.5843286802779,-0.019049603388731,-14.9280303030303,14.5689393939394,0.0551515151515152,10.7015151515152,"Spiraea tomentosa"
"273",3,-4.84966946018442,-0.0267027206934885,-127.813178165163,-0.027840715221323,-6.35757575757576,22.6901515151515,0.0816666666666667,19.6915909090909,"Spiraea tomentosa"
"274",4,-5.38684005504577,-0.0112090562628612,-220.776871377475,-0.0115945791306347,2.15530303030303,28.3515151515152,0.065,24.8329545454545,"Spiraea tomentosa"
"275",5,-6.57657474596288,-0.118863036890736,-843.988359602687,-0.130627421175255,8.99772727272727,32.8022727272727,0.0460606060606061,30.4902272727273,"Spiraea tomentosa"
"276",6,-6.97161989610687,-0.128307664535601,-1068.74120170797,-0.146709099328572,9.425,32.5818181818182,0.0293181818181818,29.2259848484848,"Spiraea tomentosa"
"277",7,-6.35190278747744,-0.130202815840884,-617.689287888255,-0.142445984113978,3.03181818181818,28.6310606060606,0.0415151515151515,22.7896212121212,"Spiraea tomentosa"
"278",8,-5.1470989247472,-6.62803145701087e-14,-173.780376666494,-6.62803145701218e-14,-4.96666666666667,20.5060606060606,0.0615909090909091,14.2434848484848,"Spiraea tomentosa"
"279",9,-4.58064840067623,0,-97.2820224155,0,-11.6009090909091,14.22,0.043,8.12427272727273,"Spiraea tomentosa"
"280",1,-3.01403451986328,0,-19.3719103045509,0,-15.038023715415,8.79897233201581,0.0585494071146245,5.97318577075099,"Symphyotrichum pilosum"
"281",2,-3.14895055587302,-0.12945570119882,-22.3663200663403,-0.154196219674977,-13.5984848484848,12.8545454545455,0.0785606060606061,9.44871212121212,"Symphyotrichum pilosum"
"282",3,-3.53283087843859,-0.655215095080154,-34.2269374150381,-1.05865336546517,-4.59015151515151,21.4151515151515,0.0934848484848485,18.0912121212121,"Symphyotrichum pilosum"
"283",4,-4.23554403811302,-0.809334201463763,-69.64102288905,-1.387357987931,2.89469696969697,27.5,0.0490151515151515,22.9394696969697,"Symphyotrichum pilosum"
"284",5,-5.72201647938637,-2.32502015821729,-384.341098184009,-11.2806076823856,9.44015151515152,31.7242424242424,0.0584090909090909,27.1848484848485,"Symphyotrichum pilosum"
"285",6,-6.517632537039,-2.45173900501904,-683.086482371328,-11.2195900805362,10.1037878787879,31.3924242424242,0.0356818181818182,26.0781818181818,"Symphyotrichum pilosum"
"286",7,-6.08418604220969,-1.92686807286103,-447.105513106566,-6.70017261698858,4.44090909090909,27.4181818181818,0.0340151515151515,20.5547727272727,"Symphyotrichum pilosum"
"287",8,-4.43419948675909,-0.164951801380541,-126.641467164082,-0.212649289345874,-3.47575757575758,19.3393939393939,0.0571212121212121,13.2270454545455,"Symphyotrichum pilosum"
"288",9,-3.09032098459995,0,-21.0838705560893,0,-9.36,12.2072727272727,0.0473636363636364,7.04509090909091,"Symphyotrichum pilosum"
"289",1,-5.00776945216843,0,-148.661405778137,0,-12.8641428571429,9.33098814229249,0.0731106719367589,6.31501581027668,"Tridens flavus"
"290",2,-5.42580648211416,-0.259553279764393,-246.322834520417,-0.31312917229276,-10.5508333333333,13.3363636363636,0.0799242424242424,9.88916666666667,"Tridens flavus"
"291",3,-6.7054527111108,-0.999141351398084,-886.635440941971,-1.73436398376626,-2.9175,22.019696969697,0.100757575757576,18.7587803030303,"Tridens flavus"
"292",4,-7.15997684428471,-0.642343115176767,-1295.72949355274,-1.03657664445521,5.34416666666667,27.8219696969697,0.0561363636363636,23.2392424242424,"Tridens flavus"
"293",5,-7.82794547623517,-2.52192152546056,-2627.70869909378,-13.7668984939167,11.6883333333333,32.3560606060606,0.0724242424242424,29.2780303030303,"Tridens flavus"
"294",6,-7.66834605455468,-3.31913258702202,-2181.43212403398,-28.3468916872919,12.2766666666667,31.8659090909091,0.0521212121212121,27.1781818181818,"Tridens flavus"
"295",7,-7.02559212516947,-3.45489829488274,-1240.86895585485,-31.848974081532,5.77666666666667,27.694696969697,0.0518181818181818,21.0415151515152,"Tridens flavus"
"296",8,-5.5162186947183,-1.24557982652122,-258.597086165241,-3.44419110215223,-2.4755303030303,19.6098484848485,0.0731060606060606,13.7641666666667,"Tridens flavus"
"297",9,-4.96695233328672,-0.0258534274372329,-142.862822481578,-0.0275988168203843,-8.096,12.73,0.0509090909090909,7.28318181818182,"Tridens flavus"
"298",1,-6.41629832038506,-2.33726836561777,-611.981555287178,-9.47035005899734,-14.6375494071146,11.0600790513834,0.0541106719367589,7.50873122529644,"Vaccinium stamineum"
"299",2,-6.391274800503,-2.61677047479578,-596.554333287564,-13.1510269017519,-12.4893939393939,15.0393939393939,0.0698484848484849,11.6437878787879,"Vaccinium stamineum"
"300",3,-6.37008599437325,-2.33588037494751,-585.923426135651,-10.055605094615,-4.50984848484848,23.3772727272727,0.103712121212121,20.8318939393939,"Vaccinium stamineum"
"301",4,-6.42681765267604,-2.10881151061625,-617.914587317885,-7.30474049862324,3.4030303030303,28.8075757575758,0.0483333333333333,24.8646212121212,"Vaccinium stamineum"
"302",5,-7.50074046524981,-2.33873422266036,-1909.5308784548,-10.0958438413636,9.36363636363636,32.7409090909091,0.0707575757575758,29.8980303030303,"Vaccinium stamineum"
"303",6,-7.62309795927406,-2.22200670021855,-2116.23416979354,-8.42429432896986,9.91060606060606,32.3515151515152,0.0771212121212121,28.1713636363636,"Vaccinium stamineum"
"304",7,-6.93575075930812,-2.39112682408147,-1092.94048492353,-10.8387789583382,3.99772727272727,27.9886363636364,0.0593181818181818,21.4837121212121,"Vaccinium stamineum"
"305",8,-6.4653704357828,-2.2829711959755,-642.088581094738,-9.35118691240544,-4.38939393939394,20.3090909090909,0.0981060606060606,14.6287121212121,"Vaccinium stamineum"
"306",9,-6.43190392905947,-1.91823676200155,-623.183708644802,-5.87455036083004,-10.3672727272727,13.5645454545455,0.0427272727272727,8.53772727272727,"Vaccinium stamineum"
"307",1,-6.28675383594271,-2.33011673239655,-575.698241384662,-9.40780073063917,-15.7337154150198,13.7305928853755,0.0487233201581028,9.1016442687747,"Viburnum acerifolium"
"308",2,-6.51547048966728,-2.57929719434776,-725.444417001137,-13.1677470053805,-13.7007575757576,17.8189393939394,0.0677272727272727,13.9293939393939,"Viburnum acerifolium"
"309",3,-6.71252238634053,-2.1205930281552,-861.647968793678,-7.53489189379318,-5.03484848484849,25.1416666666667,0.0747727272727273,23.1547727272727,"Viburnum acerifolium"
"310",4,-6.32881628294544,-1.64382317314645,-586.296310974097,-4.71952637092126,3.09545454545455,28.9371212121212,0.0302272727272727,25.315303030303,"Viburnum acerifolium"
"311",5,-6.70730816026219,-1.83100341692768,-1188.6868466495,-5.72019446657964,9.84469696969697,32.7742424242424,0.0265909090909091,29.3332575757576,"Viburnum acerifolium"
"312",6,-6.49236799972153,-1.59792739165333,-743.95231754156,-4.75168728129781,10.5848484848485,32.475,0.033030303030303,27.8240151515152,"Viburnum acerifolium"
"313",7,-6.63388931427611,-2.10550699973625,-893.02489758614,-8.49718766096646,4.44924242424242,28.719696969697,0.0265909090909091,22.7981060606061,"Viburnum acerifolium"
"314",8,-6.33120176913228,-2.27014054568709,-588.636099007393,-9.72348720082335,-3.80606060606061,22.1075757575758,0.0471212121212121,17.035,"Viburnum acerifolium"
"315",9,-6.68192904203166,-1.71506571876149,-883.254454967597,-6.06714243614902,-9.71818181818182,15.5381818181818,0.0318181818181818,10.3818181818182,"Viburnum acerifolium"
"316",1,-5.12308868997628,0,-167.460298923058,0,-14.1162845849802,11.0600790513834,0.0222845849802372,7.50782213438735,"Viburnum prunifolium"
"317",2,-5.08947226726797,-0.0731728669553526,-161.481463031866,-0.0803739776584772,-12.4045454545455,15.0393939393939,0.0312878787878788,11.6437878787879,"Viburnum prunifolium"
"318",3,-5.18246101324939,-0.258369629465622,-178.323255171197,-0.300187317449685,-3.68712121212121,23.3772727272727,0.0787878787878788,20.8318939393939,"Viburnum prunifolium"
"319",4,-5.04035946807992,-0.141191929007797,-153.586152170663,-0.154730103105933,4.52878787878788,28.8075757575758,0.0478030303030303,24.9456060606061,"Viburnum prunifolium"
"320",5,-5.54557205501857,-0.171532396427701,-280.297337182192,-0.188276374560958,11.0340909090909,32.7409090909091,0.0496212121212121,29.8980303030303,"Viburnum prunifolium"
"321",6,-5.58390412631698,-0.0939044272104676,-265.946123379708,-0.0999349513152919,11.9492424242424,32.3515151515152,0.0381818181818182,28.1713636363636,"Viburnum prunifolium"
"322",7,-5.70670352610947,-1.15507397187767,-385.493200791389,-2.89302049336625,5.88939393939394,28.0136363636364,0.0347727272727273,21.6772727272727,"Viburnum prunifolium"
"323",8,-5.10625415603341,-0.4298090055064,-164.415889143943,-0.592064949022475,-3.20530303030303,20.3090909090909,0.0454545454545455,14.3588636363636,"Viburnum prunifolium"
"324",9,-4.99020930104493,0,-145.993799712674,0,-9.47636363636364,13.5645454545455,0.0220909090909091,8.46881818181818,"Viburnum prunifolium"
